"","Stadium","Capacity","City","Country","Tenant","Built","ascii"
"1","Camp Nou","99,354[1]","Barcelona","Spain","FC Barcelona.
1982 FIFA World Cup venue.","1957","barcelona"
"2","Wembley Stadium","90,000[4]","London","England","The FA, England national football team.
UEFA Euro 2020 Final venue.[5] Tottenham Hotspur (temporarily)","2007","london"
"3","Croke Park","82,300[6]","Dublin","Ireland","Gaelic Athletic Association","1884","dublin"
"4","Twickenham Stadium","82,000[7]","London","England","The RFU, England national rugby union team","1909","london"
"5","Westfalenstadion (a.k.a. Signal Iduna Park)","81,359 (nd)
65,829 (d)","Dortmund","Germany","Borussia Dortmund.
2006 FIFA World Cup venue. Stadium uses retractable seating.[8]","1974","dortmund"
"6","Stade de France","81,338","Saint-Denis","France","France national football team, France national rugby union team.
1998 FIFA World Cup, UEFA Euro 2016 venues.
Stadium uses movable seating.[9]","1998","saint-denis"
"7","Stadio Giuseppe Meazza (a.k.a. San Siro)","81,277[10]","Milan","Italy","A.C. Milan and F.C. Internazionale Milano.
1990 FIFA World Cup venue.","1926","milan"
"8","Santiago Bernabéu Stadium","81,044[11]","Madrid","Spain","Real Madrid C.F.
UEFA Euro 1964 Final venue, 1982 FIFA World Cup Final venue.","1947","madrid"
"9","Luzhniki Stadium","81,000[12]","Moscow","Russia","Russia national football team*.
1980 Summer Olympics venue.
Undergoing renovations for 2018 FIFA World Cup.","1956","moscow"
"10","Atatürk Olympic Stadium","76,092[13]","Istanbul","Turkey","Turkey national football team*","2001","istanbul"
"11","Old Trafford","75,635[14]","Manchester","England","Manchester United F.C.
1966 FIFA World Cup venue.","1910","manchester"
"12","Allianz Arena","75,000 (nd)
70,000 (d)","Munich","Germany","FC Bayern Munich
2006 FIFA World Cup venue. Stadium uses retractable seating.[15]
TSV 1860 München played here until end of 2016 season.","2005","munich"
"13","Olympiastadion","74,649[16]","Berlin","Germany","Hertha BSC.
1936 Summer Olympics, 2006 FIFA World Cup venue.","1936","berlin"
"14","Millennium Stadium","74,500","Cardiff","Wales","Welsh Rugby Union.
1999 Rugby World Cup Final venue.
2017 UEFA Champions League Final venue.","1999","cardiff"
"15","Stadio Olimpico","72,698[17]","Rome","Italy","S.S. Lazio and A.S. Roma.
1990 FIFA World Cup and 1960 Summer Olympics venues.","1930","rome"
"16","Olimpiyskiy National Sports Complex","70,050[18]","Kiev","Ukraine","Ukraine national football team, FC Dynamo Kyiv.
UEFA Euro 2012 Final venue.","2012","kiev"
"17","Baku National Stadium","69,870[19]","Baku","Azerbaijan","Azerbaijan national football team","2015","baku"
"18","Olympic Stadium of Athens(a.k.a. Spyros Louis Olympic Stadium)","69,618[20]","Athens","Greece","AEK Athens F.C.
2004 Summer Olympics venue.","1982","athens"
"19","Olympiastadion","69,250[21]","Munich","Germany","Athletics. 1972 Summer Olympics venue.","1972","munich"
"20","Krestovsky Stadium","68,134","Saint Petersburg","Russia","Zenit Saint Petersburg.
2017 FIFA Confederations Cup, 2018 FIFA World Cup, UEFA Euro 2020 venue.","2017","saint petersburg"
"21","Wanda Metropolitano","68,000","Madrid","Spain","Atlético Madrid","2017","madrid"
"22","Stade Vélodrome","67,371","Marseille","France","Olympique de Marseille.
UEFA Euro 2016 venue.","1937","marseille"
"23","Murrayfield Stadium","67,144","Edinburgh","Scotland","Scotland national rugby union team, Edinburgh Rugby","1925","edinburgh"
"24","Estádio da Luz","64,642","Lisbon","Portugal","S.L. Benfica.
UEFA Euro 2004 Final venue, 2014 UEFA Champions League Finalvenue.","2003","lisbon"
"25","Veltins-Arena","62,271 (nd)
54,142 (d)","Gelsenkirchen","Germany","FC Schalke 04. 2006 FIFA World Cup venue.
Stadium uses both retractable and movable seating.[22]","2001","gelsenkirchen"
"26","Estadio Benito Villamarín","60,720[23]","Seville","Spain","Real Betis.
1982 FIFA World Cup venue.","1929","sevilla"
"27","Mercedes-Benz Arena (a.k.a. Neckarstadion)","60,469 (nd)
54,906 (d)","Stuttgart","Germany","VfB Stuttgart.
1974 & 2006 FIFA World Cup venues, UEFA Euro 1988 venue.","1933","stuttgart"
"28","Celtic Park","60,355","Glasgow","Scotland","Celtic FC","1892","glasgow"
"29","Emirates Stadium","60,338","London","England","Arsenal F.C.","2006","london"
"30","Stadio San Paolo","60,240","Naples","Italy","S.S.C. Napoli.
1990 FIFA World Cup venue.","1959","naples"
"31","London Stadium","60,000 (d)
54,000 (nd)[24][25]","London","England","2012 Summer Olympics and Paralympics as 80,000 seat athletics venue.
West Ham United, as 60,000 seat football venue.[25]
Stadium will use movable seating.[26]","2012","london"
"32","Parc Olympique Lyonnais","59,186","Lyon/Décines","France","Olympique Lyonnais.
UEFA Euro 2016 venue.
2019 FIFA Women's World Cup venue.","2016","lyon"
"33","PGE Narodowy","58,585","Warsaw","Poland","Poland national football team.
UEFA Euro 2012 venue.","2011","warsaw"
"34","Stadio San Nicola","58,248","Bari","Italy","FC Bari 1908.
1990 FIFA World Cup venue.","1990","bari"
"35","Estadio Olímpico de Sevilla","57,619","Seville","Spain","Athletics, Spain national football team*","1999","sevilla"
"36","Volksparkstadion","57,274","Hamburg","Germany","Hamburger SV.
2006 FIFA World Cup venue.","1953","hamburg"
"37","Stadium Puskás Ferenc","56,000[27]","Budapest","Hungary","Hungary national football team","1953","budapest"
"38","Estadi Olímpic Lluís Companys","56,000","Barcelona","Spain","Athletics. 1992 Summer Olympics venue.","1927","barcelona"
"39","Arena Naţională","55,634","Bucharest","Romania","Romania national football team","2011","bucharest"
"40","Stadium Rajko Mitić","55,538","Belgrade","Serbia","Red Star Belgrade.
UEFA Euro 1976 Final venue.","1963","belgrade"
"41","Silesian Stadium","55,477[28]","Chorzów/Katowice","Poland","Ruch Chorzów (future)","1959","chorzow"
"42","City of Manchester Stadium(a.k.a. Etihad Stadium)","55,000[29]","Manchester","England","Manchester City F.C. 2002 Commonwealth Games, 2015 Rugby World Cup venue.","2002","manchester"
"43","Estadi de Mestalla","55,000","Valencia","Spain","Valencia CF.
1982 FIFA World Cup venue.","1923","valencia"
"44","Esprit Arena","54,600","Düsseldorf","Germany","Fortuna Düsseldorf.
Stadium uses retractable seating.[citation needed]","2004","dusseldorf"
"45","Vicente Calderón Stadium","54,851","Madrid","Spain","Atlético Madrid.
1982 FIFA World Cup venue.","1966","madrid"
"46","Boris Paichadze Dinamo Arena","54,549[30]","Tbilisi","Georgia","FC Dinamo Tbilisi, Georgia national football team, Georgia national rugby union team","1976","tbilisi"
"47","Friends Arena","54,329","Stockholm","Sweden","AIK, Sweden national football team, UEFA Women's Euro 2013","2012","stockholm"
"48","Hrazdan Stadium","54,208[31]","Yerevan","Armenia","FC Ararat Yerevan, Armenia national football team","1971","yerevan"
"49","Anfield","54,074","Liverpool","England","Liverpool F.C.","1884","liverpool"
"50","Borussia-Park","54,067","Mönchengladbach","Germany","Borussia Mönchengladbach.
Stadium uses retractable seating.[citation needed]","2004","monchengladbach"
"51","Amsterdam Arena","54,033","Amsterdam","Netherlands","AFC Ajax.
UEFA Euro 2020 venue & 2013 UEFA Europa League Final venue.","1996","amsterdam"
"52","Semple Stadium","53,500","Thurles","Ireland","Tipperary GAA","1910","thurles"
"53","San Mamés","53,332","Bilbao","Spain","Athletic Bilbao.
UEFA Euro 2020 venue.","2013","bilbao"
"54","Ernst Happel Stadion","53,008","Vienna","Austria","Austria national football team, Rapid Vienna*, Austria Vienna*.
UEFA Euro 2008 Final venue.","1931","vienna"
"55","Türk Telekom Arena","52,652[33]","Istanbul","Turkey","Galatasaray S.K.","2011","istanbul"
"56","St James' Park","52,387","Newcastle upon Tyne","England","Newcastle United F.C.","1886","newcastle upon tyne"
"57","Donbass Arena","52,187","Donetsk","Ukraine","FC Shakhtar Donetsk, UEFA Euro 2012.
Now closed due to War in Donbass","2009","donetsk"
"58","Hampden Park","52,103","Glasgow","Scotland","Scotland national football team, Queen's Park F.C.","1903","glasgow"
"59","Aviva Stadium","51,700","Dublin","Ireland","Ireland national rugby union team, Republic of Ireland national football team, Leinster Rugby","1872","dublin"
"60","De Kuip","51,577","Rotterdam","Netherlands","Feyenoord.
UEFA Euro 2000 Final venue.","1937","rotterdam"
"61","Commerzbank-Arena","51,500[34]","Frankfurt","Germany","Eintracht Frankfurt. 2006 FIFA World Cup venue.","1925","frankfurt"
"62","İzmir Atatürk Stadium","51,295[35]","Izmir","Turkey","Göztepe A.Ş., Altay S.K., Turkey national football team*","1971","izmir"
"63","Ibrox Stadium","50,817[36]","Glasgow","Scotland","Rangers F.C.","1899","glasgow"
"64","Şükrü Saracoğlu Stadium","50,509[37]","Istanbul","Turkey","Fenerbahçe S.K.","2006","istanbul"
"65","RheinEnergieStadion","50,374","Cologne","Germany","1. FC Köln. 2006 FIFA World Cup venue.","2004","cologne"
"66","Stade Pierre-Mauroy","50,186","Lille","France","Lille OSC","2012","lille"
"67","Estádio José Alvalade","50,095","Lisbon","Portugal","Sporting Clube de Portugal.
UEFA Euro 2004 venue. 2005 UEFA Cup Final venue.","2003","lisbon"
"68","King Baudouin Stadium","50,093","Brussels","Belgium","Belgium national football team","1930","brussels"
"69","Estádio do Dragão","50,033[38]","Porto","Portugal","F.C. Porto.
UEFA Euro 2004 venue.","2003","porto"
"70","Max-Morlock-Stadion","50,000","Nuremberg","Germany","1. FC Nuremberg. 2006 FIFA World Cup venue.","1928","nuremberg"
"71","Gaelic Grounds","49,866","Limerick","Ireland","Limerick GAA","1928","limerick"
"72","Fritz-Walter-Stadion","49,780[39]","Kaiserslautern","Germany","1. FC Kaiserslautern. 2006 FIFA World Cup venue.","1920","kaiserslautern"
"73","AWD-Arena","49,000","Hanover","Germany","Hannover 96. 2006 FIFA World Cup venue.
Stadium uses retractable seating.[citation needed]","1954","hanover"
"74","Stadium of Light","49,000","Sunderland","England","Sunderland A.F.C.","1997","sunderland"
"75","Stadio Artemio Franchi","47,282","Florence","Italy","ACF Fiorentina.
1990 FIFA World Cup venue.","1931","florence"
"76","Parc des Princes","46,480","Paris","France","Paris Saint-Germain F.C.","1897","paris"
"77","Otkrytie Arena","45,360","Moscow","Russia","Spartak Moscow. 2017 FIFA Confederations Cup, 2018 FIFA World Cup venue.","2014","moscow"
"78","Kazan Arena","45,105","Kazan","Russia","FC Rubin Kazan. 2017 FIFA Confederations Cup, 2018 FIFA World Cup venue.","2013","kazan"
"79","Panathinaiko Stadium","45,000","Athens","Greece","1896 Summer Olympics venue.","1869","athens"
"80","Páirc Uí Chaoimh","45,000","Cork City","Ireland","Cork GAA","1976","cork"
"81","Red Bull Arena","44,345","Leipzig","Germany","RB Leipzig, 2006 FIFA World Cup venue.","1954","leipzig"
"82","Stadion Energa Gdańsk","43,615","Gdańsk","Poland","Lechia Gdańsk, UEFA Euro 2012","2011","gdansk"
"83","Vasil Levski National Stadium","43,530","Sofia","Bulgaria","Bulgaria national football team","1953","sofia"
"84","Timsah Arena (a.k.a. Bursa Büyükşehir Stadyumu)","43,331","Bursa","Turkey","Bursaspor","2015","bursa"
"85","INEA Stadion","43,269[40]","Poznań","Poland","Lech Poznań, UEFA Euro 2012","1980","poznan"
"86","Fitzgerald Stadium","43,180","Killarney","Ireland","Kerry GAA","1936","killarney"
"87","Ullevi","43,000","Gothenburg","Sweden","1995 World Championships in Athletics and 2006 European Championships in Athletics venue, Gothenburg derbies, 1958 World Cup venue","1958","goteborg"
"88","Villa Park","42,788","Birmingham","England","Aston Villa F.C. 1966 World Cup venue.","1897","birmingham"
"89","Wrocław City Stadium","42,771[41]","Wrocław","Poland","Śląsk Wrocław, UEFA Euro 2012","2011","wroclaw"
"90","Estadio Ramón Sánchez Pizjuán","42,714","Seville","Spain","Sevilla FC.
1982 FIFA World Cup venue.","1957","sevilla"
"91","Weserstadion","42,500","Bremen","Germany","SV Werder Bremen.
Stadium uses retractable seating.[citation needed]","1923","bremen"
"92","Torku Arena","42,276","Konya","Turkey","Konyaspor","2014","konya"
"93","Matmut Atlantique","42,115","Bordeaux","France","FC Girondins de Bordeaux","2015","bordeaux"
"94","MacHale Park","42,000","Castlebar","Ireland","Mayo GAA","1931","castlebar"
"95","Stade Geoffroy-Guichard","42,000","Saint-Étienne","France","AS Saint-Étienne","1931","saint-etienne"
"96","Vodafone Arena","41,903","Istanbul","Turkey","Beşiktaş","2016","istanbul"
"97","Stamford Bridge (stadium)","41,841","London","England","Chelsea F.C.","1877","london"
"98","Ramat Gan Stadium","41,583","Ramat Gan","Israel","Israel national football team (until 2014), Hapoel Ramat Gan","1951","ramat gan"
"99","Şenol Güneş Stadium (a.k.a. Akyazı Stadium)","41,513","Trabzon","Turkey","Trabzonspor","2016","trabzon"
"100","Juventus Stadium","41,507","Turin","Italy","Juventus F.C.","2011","turin"
"101","Stade Bollaert-Delelis","41,233","Lens, Pas-de-Calais","France","RC Lens","1932","lens"
"102","Dinamo Stadium (Minsk)","41,040","Minsk","Belarus","FC Minsk, Belarus national football team","1934","minsk"
"103","Helsinki Olympic Stadium","40,600","Helsinki","Finland","1952 Summer Olympics, 1983 World Championships in Athleticsand 2005 World Championships in Athletics venue, Finland national football team","1938","helsinki"
"104","Estadi Cornellà-El Prat","40,500","Barcelona/Cornellà","Spain","RCD Espanyol","2009","barcelona"
"105","Stade Gerland","40,494","Lyon","France","Lyon Olympique Universitaire","1926","lyon"
"106","Stadio San Filippo","40,200","Messina","Italy","A.C.R. Messina","2004","messina"
"107","Metalist Stadium","40,003","Kharkiv","Ukraine","FC Metalist Kharkiv, UEFA Euro 2012","1926","kharkiv"
"108","Fisht Olympic Stadium","40,000","Sochi","Russia","FC Zhemchuzhina-Sochi.
2014 Winter Olympics, 2017 FIFA Confederations Cup, 2018 FIFA World Cup venue.","2013","sochi"
"109","Hillsborough Stadium","39,814","Sheffield","England","Sheffield Wednesday F.C., 1966 World Cup venue.","1899","sheffield"
"110","Goodison Park","39,572","Liverpool","England","Everton F.C. 1966 World Cup venue.","1892","liverpool"
"111","Elland Road","39,460[42]","Leeds","England","Leeds United A.F.C.","1897","leeds"
"112","Stadio Renato Dall'Ara","39,444","Bologna","Italy","Bologna F.C. 1909.
1990 FIFA World Cup venue.","1927","bologna"
"113","Stadio Marcantonio Bentegodi","39,211","Verona","Italy","A.C. ChievoVerona, Hellas Verona F.C..
1990 FIFA World Cup venue.","1963","verona"
"114","Estadio Manuel Martínez Valero","38,750","Elx","Spain","Elche CF.
1982 FIFA World Cup venue.","1976","elx"
"115","St. Jakob-Park","38,512","Basel","Switzerland","FC Basel, UEFA Euro 2008","2001","basel"
"116","Stade de la Beaujoire","38,285","Nantes","France","FC Nantes","1984","nantes"
"117","Telia Parken","38,065","Copenhagen","Denmark","FC København, Danish national football team","1992","copenhagen"
"118","Stadio Renzo Barbera","37,619","Palermo","Italy Italy","U.S. Città di Palermo.
1990 FIFA World Cup venue.","1932","palermo"
"119","Estádio Nacional","37,593","Oeiras Municipality, Portugal","PortugalPortugal","Cup of Portugal Final","1944","oeiras municipality, portugal"
"120","Stadio Arechi","37,245","Salerno","Italy","Salernitana Calcio 1919","1991","salerno"
"121","Maksimir Stadium","37,168","Zagreb","Croatia","Dinamo Zagreb, Croatia national football team*","1912","zagreb"
"122","Kazhimukan Munaitpasov Stadium (Shymkent)","37,000","Shymkent","Kazakhstan","FC Ordabasy","1969","shymkent"
"123","Cebeci İnönü Stadium","37,000[37]","Ankara","Turkey","Hacettepe, Ankara Demirspor","1967","ankara"
"124","Stadio Luigi Ferraris","36,536","Genoa","Italy","Genoa C.F.C., U.C. Sampdoria.
1990 FIFA World Cup venue.","1911","genoa"
"125","Stadio Via del Mare","36,285","Lecce","Italy","U.S. Lecce","1966","lecce"
"126","White Hart Lane","36,257","London","England","Tottenham Hotspur F.C.","1899","london"
"127","St Tiernach's Park","36,000","Clones","Ireland","Monaghan GAA","1944","clones"
"128","Asim Ferhatović Hase Stadium","35,630","Sarajevo","Bosnia and Herzegovina","FK Sarajevo, Bosnia and Herzegovina national football team","1947","sarajevo"
"129","Allianz Riviera","35,624","Nice","France","OGC Nice, RC Toulonnais*","2013","nice"
"130","Gaziantep Arena","35,558","Gaziantep","Turkey","Gaziantepspor","2017","gaziantep"
"131","Stadium Municipal","35,472","Toulouse","France","Toulouse FC, Stade Toulousain*","1937","toulouse"
"132","Ludwigspark Stadion","35,303","Saarbrücken","Germany","1. FC Saarbrücken","1953","saarbrucken"
"133","Boleyn Ground","35,303","London","England","West Ham United F.C. (1904–2016)","1904","london"
"134","Riverside Stadium","35,100","Middlesbrough","England","Middlesbrough F.C.","1995","middlesbrough"
"135","Stadion Poljud","35,000","Split","Croatia","Hajduk Split","1979","split"
"136","Olympic Stadium (Wrocław)","35,000","Wrocław","Poland","Sparta Wrocław","1928","wroclaw"
"137","Philips Stadion","35,000","Eindhoven","Netherlands","PSV Eindhoven","1913","eindhoven"
"138","New Eskişehir Stadium","34,930","Eskişehir","Turkey","Eskişehirspor","2016","eskisehir"
"139","Arena Lviv","34,915","Lviv","Ukraine","FC Karpaty Lviv, UEFA Euro 2012","2011","lvov"
"140","Stade Jacques Chaban-Delmas","34,694","Bordeaux","France","Union Bordeaux-Bègles","1924","bordeaux"
"141","Samsun Stadium","34,658","Samsun","Turkey","Samsunspor","2017","samsun"
"142","Riazor","34,600","A Coruña","Spain","Deportivo La Coruña.
1982 FIFA World Cup venue.","1940","a coruna"
"143","La Romareda","34,596","Zaragoza","Spain","Real Zaragoza.
1982 FIFA World Cup venue.","1957","zaragoza"
"144","Grotenburg-Stadion","34,500","Krefeld","Germany","KFC Uerdingen 05","1927","krefeld"
"145","Chornomorets Stadium","34,164","Odessa","Ukraine","FC Chornomorets Odesa","2011","odesa"
"146","Opel Arena","34,034[43]","Mainz","Germany","1. FSV Mainz 05","2011","mainz"
"147","Gelredome","34,000","Arnhem","Netherlands","SBV Vitesse","1998","arnhem"
"148","Pride Park Stadium","33,597","Derby","England","Derby County F.C.","1997","derby"
"149","Karaiskakis Stadium","33,334","Pireaus","Greece","Olympiacos, Greece national football team","2004","pireaus"
"150","Cardiff City Stadium","33,280","Cardiff","Wales","Cardiff City, Venue for 2014 UEFA Super Cup final","2009","cardiff"
"151","Stadion Henryka Reymana","33,268[44]","Kraków","Poland","Wisła Kraków","1953","krakov"
"152","Metallurg Stadium","33,220","Samara","Russia","FC Krylya Sovetov Samara","1957","samara"
"153","Estadio Nueva Condomina","33,045","Murcia","Spain","Real Murcia","2006","murcia"
"154","Krasnodar Stadium","33,000","Krasnodar","Russia","FC Krasnodar","2016","krasnodar"
"155","Khimik Stadium (Kemerovo)","33,000","Kemerovo","Russia","HC Kuzbass; venue for 2007 Bandy World Championship","1947","kemerovo"
"156","Tele2 Arena","33,000","Stockholm","Sweden","Hammarby IF, Djurgårdens IF","2013","stockholm"
"157","Antalya 100.yıl Stadium","33,000","Antalya","Turkey","Antalyaspor","2015","antalya"
"158","Dan Păltinişanu Stadium","32,972","Timişoara","Romania","ACS Poli Timișoara","1964","timisoara"
"159","New Tivoli","32,960","Aachen","Germany","Alemannia Aachen","2009","aachen"
"160","Stade de la Mosson","32,939[45]","Montpellier","France","Montpellier HSC","1972","montpellier"
"161","Kadir Has Stadium","32,864","Kayseri","Turkey","Kayserispor, Kayseri Erciyesspor","2009","kayseri"
"162","Estádio Municipal de Aveiro","32,830","Aveiro, Portugal","Portugal","S.C. Beira-Mar","2003","aveiro"
"163","Partizan Stadium","32,710","Belgrade","Serbia","FK Partizan","1949","belgrade"
"164","Bramall Lane","32,702","Sheffield","England","Sheffield United F.C., Sheffield Eagles*","1855","sheffield"
"165","St Mary's Stadium","32,689","Southampton","England","Southampton F.C.","2001","southampton"
"166","Ricoh Arena","32,602","Coventry","England","Coventry City, Wasps RFC","2005","coventry"
"167","Philip II Arena","32,580","Skopje","Macedonia","FK Vardar, FK Rabotnički, Macedonia national football team*","1947","skopje"
"168","Estadio Balaídos","32,500","Vigo","Spain","Celta de Vigo.
1982 FIFA World Cup venue.","1928","vigo"
"169","Republican Spartak Stadium","32,464","Vladikavkaz","Russia","FC Alania Vladikavkaz","1962","vladikavkaz"
"170","Stadio Nereo Rocco","32,454","Trieste","Italy","U.S. Triestina Calcio","1992","trieste"
"171","Estadio Gran Canaria","32,392","Las Palmas","Spain","UD Las Palmas","2003","las palmas"
"172","Rosenaustadion","32,354","Augsburg","Germany","athletics","1951","augsburg"
"173","Stadio Euganeo","32,336","Padova","Italy","Calcio Padova","1994","padova"
"174","King Power Stadium","32,262","Leicester","England","Leicester City F.C","2002","leicester"
"175","Estadio Anoeta","32,200","San Sebastián","Spain","Real Sociedad","1993","san sebastian de los reyes"
"176","Central Stadium (Volgograd)","32,120","Volgograd","Russia","FC Rotor Volgograd. 2018 FIFA World Cup venue.","1964","volgograd"
"177","Glücksgas Stadium","32,066","Dresden","Germany","Dynamo Dresden","1923","dresden"
"178","Hypo-Arena","32,000","Klagenfurt am Wörthersee","Austria","SK Austria Kärnten, UEFA Euro 2008","2007","klagenfurt"
"179","Casement Park","32,000","Belfast","Northern Ireland","Antrim GAA","1953","belfast"
"180","Breffni Park","32,000","Cavan","Ireland","Cavan GAA","1923","cavan"
"181","Stadio Flaminio","32,000","Rome","Italy","","1959","rome"
"182","Stade de Suisse","32,000","Bern","Switzerland","BSC Young Boys, UEFA Euro 2008","2005","bern"
"183","Lord's Cricket Ground","32,000","London","England","Marylebone Cricket Club, Middlesex County Cricket Club, England national cricket team*","1814","london"
"184","Ernest Pohl Stadium","31,871","Zabrze","Poland","Górnik Zabrze","1934","zabrze"
"185","Tsentralnyi Profsoyuz Stadion (Voronezh)","31,743","Voronezh","Russia","FC Fakel Voronezh, FC FSA Voronezh","2003","voronezh"
"186","Teddy Stadium","31,733","Jerusalem","Israel","Beitar Jerusalem, Hapoel Jerusalem, Hapoel Katamon Jerusalem","1991","jerusalem"
"187","Shakhtar Stadium","31,718","Donetsk","Ukraine","FC Shakhtar Donetsk Reserves and Youth Team*, FC Metalurh Donetsk*","1936","donetsk"
"188","Molineux Stadium","31,700[46]","Wolverhampton","England","Wolverhampton Wanderers F.C.","1889","wolverhampton"
"189","Kuban Stadium","31,654[47]","Krasnodar","Russia","FC Kuban Krasnodar","1960","krasnodar"
"190","Schauinsland-Reisen-Arena","31,500","Duisburg","Germany","MSV Duisburg","2004","duisburg"
"191","Ewood Park","31,367","Blackburn","England","Blackburn Rovers F.C.","1882","blackburn"
"192","Rewirpowerstadion","31,328","Bochum","Germany","VfL Bochum","1921","bochum"
"193","Tofiq Bahramov Stadium","31,200[48]","Baku","Azerbaijan","Qarabağ FK, Azerbaijan national football team","1951","baku"
"194","Roazhon Park","31,127","Rennes","France","Stade Rennais FC. 2019 FIFA Women's World Cup venue.","1912","rennes"
"195","Polish Army Stadium","31,103","Warsaw","Poland","Legia Warszawa","1930","warsaw"
"196","Dnipro-Arena","31,003","Dnipro","Ukraine","FC Dnipro","2008","dnipropetrovsk"
"197","Sammy Ofer Stadium","30,870","Haifa","Israel","Maccabi Haifa, Hapoel Haifa","2014","haifa"
"198","American Express Community Stadium","30,750","Falmer","England","Brighton & Hove Albion F.C.","2011","falmer"
"199","Impuls Arena","30,660","Augsburg","Germany","FC Augsburg","2009","augsburg"
"200","City Ground","30,602","Nottingham","England","Nottingham Forest F.C.","1898","nottingham"
"201","Terek Stadium","30,597","Grozni","Russia","FC Terek Grozny","2011","grozni"
"202","Stadium MK","30,500","Milton Keynes","England","Milton Keynes Dons F.C.","2007","milton keynes"
"203","Estadio Carlos Tartiere","30,500","Oviedo","Spain","Real Oviedo","2000","oviedo"
"204","Cluj Arena","30,335","Cluj Napoca","Romania","Universitatea Cluj Napoca","2011","cluj-napoca"
"205","Portman Road","30,311","Ipswich","England","Ipswich Town F.C.","1884","ipswich"
"206","Estádio Algarve","30,305","Faro, Portugal","Portugal","S.C. Farense, Louletano DC","2004","faro"
"207","Estádio Municipal de Braga","30,286[49]","Braga","Portugal","S.C. Braga","2003","braga"
"208","BayArena","30,210","Leverkusen","Germany","Bayer 04 Leverkusen.
Stadium uses retractable seating.[citation needed]","1932","leverkusen"
"209","De Grolsch Veste","30,205","Enschede","Netherlands","FC Twente","1998","enschede"
"210","Rhein-Neckar Arena","30,150","Sinsheim","Germany","TSG 1899 Hoffenheim.
Stadium uses retractable seating.[citation needed]","2009","sinsheim"
"211","Central Stadium (Kazan)","30,133","Kazan","Russia","FC Rubin Kazan","1960","kazan"
"212","Volkswagen Arena","30,122","Wolfsburg","Germany","VfL Wolfsburg.
Stadium uses retractable seating.[citation needed]","2002","wolfsburg"
"213","Stade de Genève","30,084","Geneva","Switzerland","Servette FC, UEFA Euro 2008","2003","geneva"
"214","Estadio La Rosaleda","30,044","Málaga","Spain","Málaga CF.
1982 FIFA World Cup venue.","1941","malaga"
"215","Stade Maurice Dufrasne","30,023","Liège","Belgium","Standard Liège","1909","liege"
"216","St Andrew's (stadium)","30,009","Birmingham","England","Birmingham City F.C.","1906","birmingham"
"217","Estádio D. Afonso Henriques","30,000[50]","Guimarães","Portugal","Vitória SC","1999","guimaraes"
"218","CSKA Moscow Stadium","30,000","Moscow","Russia","CSKA Moscow","2016","moscow"
"219","Anzhi-Arena","30,000","Kaspiysk","Russia","FC Anzhi Makhachkala","2003","kaspiysk"
"220","Astana Arena","30,000","Astana","Kazakhstan","FC Lokomotiv Astana","2009","astana"
"221","Malmö Stadion","30,000","Malmö","Sweden","athletics, IFK Malmö, 1958 World Cup venue","1958","malmo"
"222","Estadio José Rico Pérez","30,000","Alicante","Spain","Hércules CF.
1982 FIFA World Cup venue.","1974","alicante"
"223","Letzigrund","30,000","Zürich","Switzerland","FC Zürich, Grasshopper Club Zürich, UEFA Euro 2008","2007","zurich"
"224","Tivoli-Neu","30,000","Innsbruck","Austria","Fußballclub Wacker Innsbruck, UEFA Euro 2008","2000","innsbruck"
"225","Red Bull Arena (Salzburg)","30,000","Salzburg","Austria","FC Red Bull Salzburg, UEFA Euro 2008","2003","salzburg"
"226","Metalurh Stadium","29,783[51]","Kryvyi Rih","Ukraine","FC Kryvbas Kryvyi Rih","1970","kryvyy rih"
"227","Wildparkstadion","29,699","Karlsruhe","Germany","Karlsruher SC","1955","karlsruhe"
"228","Estádio Cidade de Coimbra","29,622[52]","Coimbra","Portugal","Associação Académica de Coimbra - O.A.F.","2003","coimbra"
"229","El Molinón","29,538","Gijón","Spain","Sporting de Gijón.
1982 FIFA World Cup venue.","1908","gijon"
"230","Stade de la Meinau","29,230","Strasbourg","France","RC Strasbourg","1914","strasbourg"
"231","Millerntor-Stadion","29,063","Hamburg","Germany","FC St. Pauli","1961","hamburg"
"232","Jan Breydel Stadium","29,042","Bruges","Belgium","Club Brugge K.V., Cercle Brugge K.S.V.","1975","bruges"
"233","Brøndby Stadium","29,000","Copenhagen","Denmark","Brøndby IF","1965","copenhagen"
"234","DKB-Arena","29,000","Rostock","Germany","F.C. Hansa Rostock","1954","rostock"
"235","Şanlıurfa GAP Stadium","28,965[53]","Şanlıurfa","Turkey","Şanlıurfaspor","2009","sanliurfa"
"236","Lokomotiv Stadium (Moscow)","28,800[54]","Moscow","Russia","FC Lokomotiv Moscow, Russia national football team*","2002","moscow"
"237","Macron Stadium","28,723","Bolton","England","Bolton Wanderers F.C.","1997","bolton"
"238","Toumba Stadium","28,703","Thessaloniki","Greece","PAOK F.C.","1959","thessaloniki"
"239","Britannia Stadium","28,383","Stoke-on-Trent","England","Stoke City F.C.","1997","stoke-on-trent"
"240","Stadionul Steaua","28,365[55]","Bucharest","Romania","FC Steaua Bucureşti, Romania national football team*","1974","bucharest"
"241","Estádio do Bessa","28,263[56]","Porto","Portugal","Boavista F.C.","2003","porto"
"242","Constant Vanden Stock Stadium","28,063","Brussels","Belgium","R.S.C. Anderlecht","1917","brussels"
"243","Ukraina Stadium","28,051[57]","Lviv","Ukraine","FC Karpaty Lviv","1963","lvov"
"244","Estádio 1º de Maio","28,000","Braga","Portugal","S.C.Braga B, S.C. Braga (women's football)","1950","braga"
"245","Allianz Stadion","28,000","Vienna","Austria","Rapid Wien","2016","vienna"
"246","Lefkoşa Atatürk Stadı","28,000[58]","Nicosia","Northern Cyprus","Northern Cyprus national football team, Çetinkaya Türk S.K., Yenicami Ağdelen S.K.","1990","nicosia"
"247","Stadio Renato Curi","28,000","Perugia","Italy","Perugia Calcio","1974","perugia"
"248","Ullevaal Stadion","28,000[59]","Oslo","Norway","Norway national football team","1926","oslo"
"249","Stadio Olimpico Grande Torino","27,958","Turin","Italy","Torino F.C.","1933","turin"
"250","Stadio Ennio Tardini","27,906","Parma","Italy","Parma F.C.","1923","parma"
"251","Stadio Oreste Granillo","27,763","Reggio Calabria","Italy","Reggina Calcio","1999","reggio di calabria"
"252","Stadio Erasmo Iacovone","27,584","Taranto","Italy","A.S. Taranto Calcio","1965","taranto"
"253","Stadio Mario Rigamonti","27,547","Brescia","Italy","Brescia Calcio","1959","brescia"
"254","Odsal Stadium","27,491[60]","Bradford","England","Bradford Bulls","1934","bradford"
"255","SchücoArena","27,300","Bielefeld","Germany","Arminia Bielefeld","1926","bielefeld"
"256","MDCC-Arena","27,250","Magdeburg","Germany","1. FC Magdeburg","2006","magdeburg"
"257","Carrow Road","27,244[61]","Norwich","England","Norwich City F.C.","1935","norwich"
"258","Mikheil Meskhi Stadium","27,223[62]","Tbilisi","Georgia","FC Lokomotivi Tbilisi, Georgia national rugby union team","2001","tbilisi"
"259","The Valley (London)","27,111","London","England","Charlton Athletic F.C.","1919","london"
"260","Malatya Stadium","27,044","Malatya","Turkey","Yeni Malatyaspor","2017","malatya"
"261","Ashton Gate Stadium","27,000","Bristol","England","Bristol City","1887","bristol"
"262","Carl-Benz-Stadion","27,000","Mannheim","Germany","SV Waldhof Mannheim","1994","mannheim"
"263","Central Stadium (Yekaterinburg)","27,000","Yekaterinburg","Russia","FC Ural Sverdlovsk Oblast*. 2018 FIFA World Cup venue.","1957","yekaterinburg"
"264","Central Stadium (Krasnoyarsk)","27,000[63]","Krasnoyarsk","Russia","FC Metallurg-Yenisey Krasnoyarsk, Russia national rugby union team, 2019 Winter Universiade","1967","krasnoyarsk"
"265","O'Moore Park","27,000[64]","Portlaoise","Ireland","Laois GAA","1888","portlaoise"
"266","Pankritio Stadium","26,840[65]","Heraklio","Greece","Ergotelis F.C.","2004","heraklio"
"267","Kaftanzoglio Stadium","26,712[66]","Thessaloniki","Greece","Iraklis Thessaloniki F.C.","1960","thessaloniki"
"268","Stade Municipal Saint-Symphorien","26,700[67]","Metz","France","FC Metz","1923","metz"
"269","The Oval","26,556","Belfast","Northern Ireland","Glentoran F.C.","1892","belfast"
"270","Estadio José Zorrilla","26,512[68]","Valladolid","Spain","Real Valladolid.
1982 FIFA World Cup venue.","1982","valladolid"
"271","The Hawthorns","26,500[69]","West Bromwich","England","West Bromwich Albion F.C.","1900","west bromwich"
"272","Selhurst Park","26,309","London","England","Crystal Palace F.C.","1924","london"
"273","Stadio Partenio","26,308","Avellino","Italy","U.S. Avellino 1912","1973","avellino"
"274","Pearse Stadium","26,197","Galway","Ireland","Galway GAA*","1957","galway"
"275","Ganja City Stadium","26,120[70]","Ganja, Azerbaijan","Azerbaijan","FK Ganja","","ganja"
"276","Stade Guy Boniface","26,100","Mont-de-Marsan","France","Stade Montois","1965","mont-de-marsan"
"277","Abe Lenstra Stadion","26,000[71]","Heerenveen","Netherlands","SC Heerenveen","1994","heerenveen"
"278","Stadio del Conero","26,000","Ancona","Italy","A.C. Ancona","1992","ancona"
"279","Welford Road Stadium","26,000","Leicester","England","Leicester Tigers","1892","leicester"
"280","Yuvileiny Stadium","25,830[72]","Sumy","Ukraine","FC Spartak Sumy","2001","sumy"
"281","Craven Cottage","25,700","London","England","Fulham F.C.","1896","london"
"282","RSC Olimpiyskiy","25,678[73]","Donetsk","Ukraine","Ukraine national under-21 football team*, FC Shakhtar Donetsk Reserves and Youth Team*","1958","donetsk"
"283","Thomond Park","25,600[74]","Limerick","Ireland","Munster Rugby*, Shannon RFC, UL Bohemian R.F.C.","1940","limerick"
"284","Slavia Stadium","25,556","Sofia","Bulgaria","Slavia Sofia","1932","sofia"
"285","Mersin Arena","25,534","Mersin","Turkey","Mersin İdmanyurdu","2013","mersin"
"286","KC Stadium","25,404","Kingston upon Hull","England","Hull City A.F.C., Hull","2002","kingston upon hull"
"287","Estadi Ciutat de València","25,354","Valencia","Spain","Levante UD","1969","valencia"
"288","Stadionul Ion Oblemenco","25,252[75]","Craiova","Romania","FC Universitatea Craiova","1967","craiova"
"289","Stade Océane","25,178","Le Havre","France","Le Havre AC","2012","le havre"
"290","Tsentralnyi Stadion (Mykolaiv)","25,175","Mykolaiv","Ukraine","MFK Mykolaiv","1965","mykolayiv"
"291","Stadio Friuli","25,144","Udine","Italy","Udinese Calcio.
1990 FIFA World Cup venue.","1976","udine"
"292","DW Stadium","25,138","Wigan","England","Wigan Athletic F.C., Wigan Warriors","1999","wigan"
"293","Valley Parade","25,136","Bradford","England","Bradford City A.F.C.","1886","bradford"
"294","Edgbaston Cricket Ground","25,000","Birmingham","England","Warwickshire County Cricket Club","1882","birmingham"
"295","Wexford Park","25,000","Wexford","Ireland","Wexford GAA","Before 1900","wexford"
"296","Stadio Pino Zaccheria","25,000","Foggia","Italy","U.S. Foggia","1925","foggia"
"297","Stadion Rote Erde","25,000","Dortmund","Germany","Borussia Dortmund II","1926","dortmund"
"298","Skatbank-Arena","25,000[76]","Altenburg","Germany","SV Motor Altenburg","1957","altenburg"
"299","Bijeli Brijeg Stadium","25,000","Mostar","Bosnia and Herzegovina","HŠK Zrinjski Mostar","1971","mostar"
"300","CSK Stadium","25,000","Ryazan","Russia","FC Zvezda Ryazan","1980","ryazan"
"301","Darlington Arena","25,000[77]","Darlington","England","Darlington Mowden Park R.F.C.","2003","darlington"
"302","MMArena","25,000","Le Mans","France","Le Mans UC72","2011","le mans"
"303","Stade du Hainaut","25,000","Valenciennes","France","Valenciennes FC","2011","valenciennes"
"304","Ay-Yıldız Stadium","25,000","Karabük","Turkey","Karabük University","2014","karabuk"
"305","New 4 Eylül Stadium","25,000","Sivas","Turkey","Sivasspor","2016","sivas"
"306","Swedbank Stadion","24,000","Malmö","Sweden","Malmö FF","2009","malmo"
"307","Netanya Stadium","13,800","Netanya","Israel","Maccabi Netanya, Maccabi Tel Aviv","2012","netanya"
"308","Groupama Aréna","23,700","Budapest","Hungary","Ferencvárosi TC","2014","budapest"
"309","Pittodrie Stadium","21,421","Aberdeen","Scotland","Aberdeen FC","1903","aberdeen"
"310","Lerkendal Stadion","21,405","Trondheim","Norway","Rosenborg BK","1947","trondheim"
"311","Eden Aréna","20,800","Prague","Czech Republic","Slavia Prague","2008","prague"
"312","Nagyerdei Stadion","20,340","Debrecen","Hungary","Debreceni VSC","2014","debrecen"
"313","Generali Arena","19,416","Prague","Czech Republic","Sparta Prague, Czech Republic national football team","1917","prague"
"314","Štadión Antona Malatinského","19,200","Trnava","Slovakia","FC Spartak Trnava","1921","trnava"
"315","Stade Louis II","18,523","Fontvieille","Monaco","AS Monaco, Monaco national football team","1985","fontvieille"
"316","Loro Borici Stadium","17,022","Shkodër","Albania","KF Vllaznia Shkodër, Albania national football team","2016","shkoder"
"317","Turner Stadium","16,126","Beersheba","Israel","Hapoel Be'er Sheva F.C.","2015","beersheba"
"318","Apostolos Nikolaidis Stadium","16,003","Athens","Greece","Panathinaikos FC","1922","athens"
"319","Podgorica City Stadium","15,230","Podgorica","Montenegro","FK Budućnost Podgorica, Montenegro national football team","1945","podgorica"
"320","Bloomfield Stadium","14,413","Jaffa","Israel","Hapoel Tel Aviv, Maccabi Tel Aviv, Bnei Yehuda","1962","jaffa"
"321","Borisov Arena","13,126","Barysaw","Belarus","BATE Barysaw, Belarus national football team","2014","barysaw"
"322","Elbasan Arena [79]","12,800","Elbasan","Albania","KF Elbasani, Albania national football team","2014","elbasan"
"323","Guldfågeln Arena","12,182","Kalmar","Sweden","Kalmar FF, UEFA Women's Euro 2013","2011","kalmar"
"324","Aker Stadion","11,800","Molde","Norway","Molde FK","1998","molde"
"325","HaMoshava Stadium","11,500","Petah Tikva","Israel","Hapoel Petah Tikva, Maccabi Petah Tikva","2011","petah tikva"
